Crop,Years,Million Acres Harvested Acreage,Million Bushels Production,PYPA,PPYPA,Yield per harvested acre
Barley,1866,0.754,18.095,21,22,24
Barley,1867,1.058,23.85,24,21,22.5
Barley,1868,1.064,23.2,22.5,24,21.8
Barley,1869,1.238,29.099,21.8,22.5,23.5
Barley,1870,1.331,29.047,23.5,21.8,21.8
Barley,1871,1.348,27.69,21.8,23.5,20.5
Barley,1872,1.421,32.005,20.5,21.8,22.5
Barley,1873,1.473,30.536,22.5,20.5,20.7
Barley,1874,1.628,36.125,20.7,22.5,22.2
Barley,1875,1.702,32.812,22.2,20.7,19.3
Barley,1876,1.973,40.711,19.3,22.2,20.6
Barley,1877,1.962,39.173,20.6,19.3,20
Barley,1878,1.848,37.448,20,20.6,20.3
Barley,1879,1.926,42.369,20.3,20,22
Barley,1880,1.99,45.261,22,20.3,22.7
Barley,1881,2.201,48.984,22.7,22,22.3
Barley,1882,2.434,60.072,22.3,22.7,24.7
Barley,1883,2.474,57.126,24.7,22.3,23.1
Barley,1884,2.694,67.919,23.1,24.7,25.2
Barley,1885,2.862,63.963,25.2,23.1,22.3
Barley,1886,3.027,73.503,22.3,25.2,24.3
Barley,1887,3.258,72.395,24.3,22.3,22.2
Barley,1888,3.283,75.98,22.2,24.3,23.1
Barley,1889,3.352,80.79,23.1,22.2,24.1
Barley,1890,3.25,69.88,24.1,23.1,21.5
Barley,1891,3.59,94.16,21.5,24.1,26.2
Barley,1892,3.857,95.17,26.2,21.5,24.7
Barley,1893,3.689,87.109,24.7,26.2,23.6
Barley,1894,3.639,74.211,23.6,24.7,20.4
Barley,1895,4.185,104.475,20.4,23.6,25
Barley,1896,4.131,97.479,25,20.4,23.6
Barley,1897,4.12,102.575,23.6,25,24.9
Barley,1898,4.113,98.174,24.9,23.6,23.9
Barley,1899,4.472,118.161,23.9,24.9,26.4
Barley,1900,4.703,96.588,26.4,23.9,20.5
Barley,1901,4.963,123.8,20.5,26.4,24.9
Barley,1902,5.474,146.207,24.9,20.5,26.7
Barley,1903,6.231,149.335,26.7,24.9,24
Barley,1904,6.579,166.103,24,26.7,25.2
Barley,1905,6.658,171.639,25.2,24,25.8
Barley,1906,6.744,179.148,25.8,25.2,26.6
Barley,1907,6.854,150.584,26.6,25.8,22
Barley,1908,7.409,170.78,22,26.6,23.1
Barley,1909,7.697,173.069,23.1,22,22.5
Barley,1910,7.546,142.419,22.5,23.1,18.9
Barley,1911,7.613,145.074,18.9,22.5,19.1
Barley,1912,7.542,196.927,19.1,18.9,26.1
Barley,1913,7.673,158.82,26.1,19.1,20.7
Barley,1914,7.653,177.712,20.7,26.1,23.2
Barley,1915,7.279,206.976,23.2,20.7,28.4
Barley,1916,7.623,159.157,28.4,23.2,20.9
Barley,1917,8.453,182.209,20.9,28.4,21.6
Barley,1918,9.198,225.067,21.6,20.9,24.5
Barley,1919,6.579,131.086,24.5,21.6,19.9
Barley,1920,7.439,171.042,19.9,24.5,23
Barley,1921,7.074,132.702,23,19.9,18.8
Barley,1922,6.601,152.908,18.8,23,23.2
Barley,1923,7.151,158.994,23.2,18.8,22.2
Barley,1924,7.038,165.318,22.2,23.2,23.5
Barley,1925,8.186,192.466,23.5,22.2,23.5
Barley,1926,7.917,166.03,23.5,23.5,21
Barley,1927,9.465,239.071,21,23.5,25.3
Barley,1928,12.735,328.351,25.3,21,25.8
Barley,1929,13.564,280.637,25.8,25.3,20.7
Barley,1930,12.629,301.619,20.7,25.8,23.9
Barley,1931,11.181,200.28,23.9,20.7,17.9
Barley,1932,13.206,299.394,17.9,23.9,22.7
Barley,1933,9.641,152.839,22.7,17.9,15.9
Barley,1934,6.577,117.39,15.9,22.7,17.8
Barley,1935,12.436,288.667,17.8,15.9,23.2
Barley,1936,8.329,147.74,23.2,17.8,17.7
Barley,1937,9.969,221.889,17.7,23.2,22.3
Barley,1938,10.61,256.62,22.3,17.7,24.2
Barley,1939,12.739,278.193,24.2,22.3,21.8
Barley,1940,13.525,311.278,21.8,24.2,23
Barley,1941,14.276,362.568,23,21.8,25.4
Barley,1942,16.958,429.45,25.4,23,25.3
Barley,1943,14.9,322.913,25.3,25.4,21.7
Barley,1944,12.301,276.275,21.7,25.3,22.5
Barley,1945,10.454,266.994,22.5,21.7,25.5
Barley,1946,10.38,265.059,25.5,22.5,25.5
Barley,1947,10.955,281.868,25.5,25.5,25.7
Barley,1948,11.905,315.537,25.7,25.5,26.5
Barley,1949,9.872,237.071,26.5,25.7,24
Barley,1950,11.155,303.772,24,26.5,27.2
Barley,1951,9.424,257.213,27.2,24,27.3
Barley,1952,8.236,228.168,27.3,27.2,27.7
Barley,1953,8.68,246.723,27.7,27.3,28.4
Barley,1954,13.37,379.254,28.4,27.7,28.4
Barley,1955,14.523,403.065,28.4,28.4,27.8
Barley,1956,12.852,376.661,27.8,28.4,29.3
Barley,1957,14.872,442.761,29.3,27.8,29.8
Barley,1958,14.791,477.368,29.8,29.3,32.3
Barley,1959,14.869,420.203,32.3,29.8,28.3
Barley,1960,13.856,429.005,28.3,32.3,31
Barley,1961,12.806,392.441,31,28.3,30.6
Barley,1962,12.214,427.726,30.6,31,35
Barley,1963,11.236,392.833,35,30.6,35
Barley,1964,10.277,386.059,35,35,37.6
Barley,1965,9.166,393.055,37.6,35,42.9
Barley,1966,10.25,392.108,42.9,37.6,38.3
Barley,1967,9.23,373.745,38.3,42.9,40.5
Barley,1968,9.732,426.151,40.5,38.3,43.8
Barley,1969,9.557,427.055,43.8,40.5,44.7
Barley,1970,9.712,416.091,44.7,43.8,42.8
Barley,1971,10.104,462.423,42.8,44.7,45.8
Barley,1972,9.645,421.719,45.8,42.8,43.7
Barley,1973,10.295,417.434,43.7,45.8,40.5
Barley,1974,7.93,298.669,40.5,43.7,37.7
Barley,1975,8.617,379.162,37.7,40.5,44
Barley,1976,8.439,383.007,44,37.7,45.4
Barley,1977,9.728,427.784,45.4,44,44
Barley,1978,9.248,454.759,44,45.4,49.2
Barley,1979,7.527,383.201,49.2,44,50.9
Barley,1980,7.26,361.135,50.9,49.2,49.7
Barley,1981,9.038,473.512,49.7,50.9,52.4
Barley,1982,9.013,515.935,52.4,49.7,57.2
Barley,1983,9.721,508.269,57.2,52.4,52.3
Barley,1984,11.218,598.034,52.3,57.2,53.3
Barley,1985,11.591,590.213,53.3,52.3,50.9
Barley,1986,11.974,608.532,50.9,53.3,50.8
Barley,1987,9.957,521.499,50.8,50.9,52.4
Barley,1988,7.636,289.994,52.4,50.8,38
Barley,1989,8.313,404.203,38,52.4,48.6
Barley,1990,7.529,422.196,48.6,38,56.1
Barley,1991,8.413,464.326,56.1,48.6,55.2
Barley,1992,7.285,455.09,55.2,56.1,62.5
Barley,1993,6.753,398.041,62.5,55.2,58.9
Barley,1994,6.667,374.862,58.9,62.5,56.2
Barley,1995,6.279,359.376,56.2,58.9,57.2
Barley,1996,6.707,392.433,57.2,56.2,58.5
Barley,1997,6.198,359.878,58.5,57.2,58.1
Barley,1998,5.854,351.569,58.1,58.5,60.1
Barley,1999,4.573,271.996,60.1,58.1,59.5
Barley,2000,5.2,317.804,59.5,60.1,61.1
Barley,2001,4.273,248.329,61.1,59.5,58.1
Barley,2002,4.123,226.906,58.1,61.1,55
Barley,2003,4.727,278.283,55,58.1,58.9
Barley,2004,4.021,279.743,58.9,55,69.6
Barley,2005,3.269,211.896,69.6,58.9,64.8
Barley,2006,2.951,180.165,64.8,69.6,61.1
Barley,2007,3.502,210.11,61.1,64.8,60
Barley,2008,3.775,239.072,60,61.1,63.3
Barley,2009,3.114,226.603,63.3,60,72.8
Barley,2010,2.465,180.241,72.8,63.3,73.1
Barley,2011,2.241,154.788,73.1,72.8,69.1
Barley,2012,3.274,218.99,69.1,73.1,66.9
Barley,2013,3.04,216.745,66.9,69.1,71.3
Barley,2014,2.497,181.542,71.3,66.9,72.7
Barley,2015,3.158,218.187,72.7,71.3,69.1
Barley,2016,2.565,199.914,69.1,72.7,77.9
Barley,2017,1.962,143.258,77.9,69.1,73
Barley,2018,1.978,153.082,73,77.9,77.3923
Barley,2019,2.331,172.153,77.3923,73,73.8537
Corn,1879,62.229,1751.984,26,26,28.2
Corn,1880,62.545,1706.673,28.2,26,27.3
Corn,1881,63.026,1244.803,27.3,28.2,19.8
Corn,1882,66.157,1755.272,19.8,27.3,26.5
Corn,1883,68.168,1652.148,26.5,19.8,24.2
Corn,1884,68.834,1947.838,24.2,26.5,28.3
Corn,1885,71.854,2057.807,28.3,24.2,28.6
Corn,1886,73.911,1782.767,28.6,28.3,24.1
Corn,1887,73.296,1604.549,24.1,28.6,21.9
Corn,1888,77.474,2250.632,21.9,24.1,29.1
Corn,1889,77.656,2294.289,29.1,21.9,29.5
Corn,1890,74.785,1650.446,29.5,29.1,22.1
Corn,1891,78.855,2335.804,22.1,29.5,29.6
Corn,1892,76.914,1897.412,29.6,22.1,24.7
Corn,1893,79.832,1900.401,24.7,29.6,23.8
Corn,1894,80.069,1615.016,23.8,24.7,20.2
Corn,1895,90.479,2534.762,20.2,23.8,28
Corn,1896,89.074,2671.048,28,20.2,30
Corn,1897,89.965,2287.628,30,28,25.4
Corn,1898,87.784,2351.323,25.4,30,26.8
Corn,1899,94.591,2645.796,26.8,25.4,28
Corn,1900,94.852,2661.978,28,26.8,28.1
Corn,1901,94.422,1715.752,28.1,28,18.2
Corn,1902,97.177,2773.954,18.2,28.1,28.5
Corn,1903,93.555,2515.093,28.5,18.2,26.9
Corn,1904,95.228,2686.624,26.9,28.5,28.2
Corn,1905,95.746,2954.148,28.2,26.9,30.9
Corn,1906,95.624,3032.91,30.9,28.2,31.7
Corn,1907,96.094,2613.797,31.7,30.9,27.2
Corn,1908,95.285,2566.742,27.2,31.7,26.9
Corn,1909,100.2,2611.157,26.9,27.2,26.1
Corn,1910,102.267,2852.794,26.1,26.9,27.9
Corn,1911,101.393,2474.635,27.9,26.1,24.4
Corn,1912,101.451,2947.842,24.4,27.9,29.1
Corn,1913,100.206,2272.54,29.1,24.4,22.7
Corn,1914,97.796,2523.75,22.7,29.1,25.8
Corn,1915,100.623,2829.044,25.8,22.7,28.1
Corn,1916,100.561,2425.206,28.1,25.8,24.1
Corn,1917,110.893,2908.242,24.1,28.1,26.2
Corn,1918,102.195,2441.249,26.2,24.1,23.9
Corn,1919,87.487,2341.87,23.9,26.2,26.8
Corn,1920,90.149,2695.085,26.8,23.9,29.9
Corn,1921,91.939,2556.924,29.9,26.8,27.8
Corn,1922,84.858,2229.496,27.8,29.9,26.3
Corn,1923,87.493,2429.551,26.3,27.8,27.8
Corn,1924,84.119,1860.112,27.8,26.3,22.1
Corn,1925,86.825,2382.288,22.1,27.8,27.4
Corn,1926,83.275,2140.207,27.4,22.1,25.7
Corn,1927,83.915,2218.189,25.7,27.4,26.4
Corn,1928,85.832,2260.99,26.4,25.7,26.3
Corn,1929,83.194,2135.038,26.3,26.4,25.7
Corn,1930,85.525,1757.297,25.7,26.3,20.5
Corn,1931,91.131,2229.903,20.5,25.7,24.5
Corn,1932,97.213,2578.685,24.5,20.5,26.5
Corn,1933,92.13,2104.725,26.5,24.5,22.8
Corn,1934,61.245,1146.734,22.8,26.5,18.7
Corn,1935,82.551,2001.367,18.7,22.8,24.2
Corn,1936,67.833,1258.673,24.2,18.7,18.6
Corn,1937,81.222,2349.425,18.6,24.2,28.9
Corn,1938,82.788,2300.095,28.9,18.6,27.8
Corn,1939,78.307,2341.602,27.8,28.9,29.9
Corn,1940,76.443,2206.882,29.9,27.8,28.9
Corn,1941,77.404,2414.445,28.9,29.9,31.2
Corn,1942,79.213,2801.819,31.2,28.9,35.4
Corn,1943,81.906,2668.49,35.4,31.2,32.6
Corn,1944,85.002,2801.612,32.6,35.4,33
Corn,1945,77.928,2577.449,33,32.6,33.1
Corn,1946,78.41,2916.089,33.1,33,37.2
Corn,1947,73.802,2108.32,37.2,33.1,28.6
Corn,1948,76.84,3307.038,28.6,37.2,43
Corn,1949,77.106,2946.206,43,28.6,38.2
Corn,1950,72.398,2764.071,38.2,43,38.2
Corn,1951,71.191,2628.937,38.2,38.2,36.9
Corn,1952,71.353,2980.793,36.9,38.2,41.8
Corn,1953,70.738,2881.801,41.8,36.9,40.7
Corn,1954,68.668,2707.913,40.7,41.8,39.4
Corn,1955,68.462,2872.959,39.4,40.7,42
Corn,1956,64.877,3075.336,42,39.4,47.4
Corn,1957,63.065,3045.355,47.4,42,48.3
Corn,1958,63.549,3356.205,48.3,47.4,52.8
Corn,1959,72.091,3824.598,52.8,48.3,53.1
Corn,1960,71.422,3906.949,53.1,52.8,54.7
Corn,1961,57.634,3597.803,54.7,53.1,62.4
Corn,1962,55.726,3606.311,62.4,54.7,64.7
Corn,1963,59.227,4019.238,64.7,62.4,67.9
Corn,1964,55.369,3484.253,67.9,64.7,62.9
Corn,1965,55.392,4102.867,62.9,67.9,74.1
Corn,1966,57.002,4167.608,74.1,62.9,73.1
Corn,1967,60.694,4860.372,73.1,74.1,80.1
Corn,1968,55.98,4449.542,80.1,73.1,79.5
Corn,1969,54.574,4687.057,79.5,80.1,85.9
Corn,1970,57.358,4152.243,85.9,79.5,72.4
Corn,1971,64.123,5646.26,72.4,85.9,88.1
Corn,1972,57.513,5579.832,88.1,72.4,97
Corn,1973,62.143,5670.712,97,88.1,91.3
Corn,1974,65.405,4701.402,91.3,97,71.9
Corn,1975,67.625,5840.757,71.9,91.3,86.4
Corn,1976,71.506,6289.169,86.4,71.9,88
Corn,1977,71.614,6505.041,88,86.4,90.8
Corn,1978,71.93,7267.927,90.8,88,101
Corn,1979,72.4,7928.139,101,90.8,109.5
Corn,1980,72.961,6639.396,109.5,101,91
Corn,1981,74.524,8118.65,91,109.5,108.9
Corn,1982,72.719,8235.101,108.9,91,113.2
Corn,1983,51.479,4174.251,113.2,108.9,81.1
Corn,1984,71.897,7672.13,81.1,113.2,106.7
Corn,1985,75.209,8875.453,106.7,81.1,118
Corn,1986,68.907,8225.764,118,106.7,119.4
Corn,1987,59.505,7131.3,119.4,118,119.8
Corn,1988,58.25,4928.681,119.8,119.4,84.6
Corn,1989,64.783,7531.953,84.6,119.8,116.3
Corn,1990,66.952,7934.028,116.3,84.6,118.5
Corn,1991,68.822,7474.765,118.5,116.3,108.6
Corn,1992,72.077,9476.698,108.6,118.5,131.5
Corn,1993,62.933,6337.73,131.5,108.6,100.7
Corn,1994,72.514,10050.52,100.7,131.5,138.6
Corn,1995,65.21,7400.051,138.6,100.7,113.5
Corn,1996,72.644,9232.557,113.5,138.6,127.1
Corn,1997,72.671,9206.832,127.1,113.5,126.7
Corn,1998,72.589,9758.685,126.7,127.1,134.4
Corn,1999,70.487,9430.612,134.4,126.7,133.8
Corn,2000,72.44,9915.051,133.8,134.4,136.9
Corn,2001,68.768,9502.58,136.9,133.8,138.2
Corn,2002,69.33,8966.787,138.2,136.9,129.3
Corn,2003,70.944,10087.292,129.3,138.2,142.2
Corn,2004,73.631,11805.581,142.2,129.3,160.3
Corn,2005,75.117,11112.187,160.3,142.2,147.9
Corn,2006,70.638,10531.123,147.9,160.3,149.1
Corn,2007,86.52,13037.875,149.1,147.9,150.7
Corn,2008,78.57,12043.203,150.7,149.1,153.3
Corn,2009,79.49,13067.156,153.3,150.7,164.4
Corn,2010,81.446,12425.33,164.4,153.3,152.6
Corn,2011,83.879,12313.956,152.6,164.4,146.8
Corn,2012,87.365,10755.111,146.8,152.6,123.1
Corn,2013,87.461,13830.704,123.1,146.8,158.1
Corn,2014,83.146,14217.292,158.1,123.1,171
Corn,2015,80.753,13601.964,171,158.1,168.4
Corn,2016,86.748,15148.038,168.4,171,174.6
Corn,2017,82.733,14609.407,174.6,168.4,176.6
Corn,2018,81.74,14420.101,176.6,174.6,176.4143
Corn,2019,82.017,13799.151,176.4143,176.6,168.2474
Oats,1866,7.935,49.967,28,27,29.3
Oats,1867,8.176,37.561,29.3,28,27.2
Oats,1868,8.897,71.914,27.2,29.3,25.8
Oats,1869,9.555,66.097,25.8,27.2,29.7
Oats,1870,10.348,54.386,29.7,25.8,25.9
Oats,1871,11.061,19.209,25.9,29.7,27.7
Oats,1872,11.789,57.61,27.7,25.9,27.7
Oats,1873,12.01,30.27,27.7,27.7,25.6
Oats,1874,12.775,69.948,25.6,27.7,21.3
Oats,1875,13.616,67.21,21.3,25.6,26.8
Oats,1876,14.589,53.28,26.8,21.3,22.4
Oats,1877,14.816,85.824,22.4,26.8,29.4
Oats,1878,15.83,113.543,29.4,22.4,28
Oats,1879,15.955,109.653,28,29.4,26
Oats,1880,16.414,109.536,26,28,25.5
Oats,1881,16.916,184.978,25.5,26,26.4
Oats,1882,19.075,96.063,26.4,25.5,28.3
Oats,1883,20.621,106.025,28.3,26.4,29.4
Oats,1884,21.974,93.217,29.4,28.3,29.1
Oats,1885,23.351,131.384,29.1,29.4,28.9
Oats,1886,24.426,148.494,28.9,29.1,27.9
Oats,1887,26.272,233.536,27.9,28.9,26.5
Oats,1888,27.807,162.863,26.5,27.9,27.8
Oats,1889,28.697,90.741,27.8,26.5,29
Oats,1890,28.275,115.719,29,27.8,21.5
Oats,1891,27.756,235.575,21.5,29,30.1
Oats,1892,28.168,242.638,30.1,21.5,25.6
Oats,1893,29.266,204.881,25.6,30.1,24.2
Oats,1894,29.556,567.506,24.2,25.6,25.4
Oats,1895,30.905,581.012,25.4,24.2,29.9
Oats,1896,30.248,555.441,29.9,25.4,25.6
Oats,1897,28.829,619.954,25.6,29.9,28.8
Oats,1898,29.327,480.208,28.8,25.6,28.7
Oats,1899,29.254,510.284,28.7,28.8,32
Oats,1900,31.049,585.394,32,28.7,30.5
Oats,1901,30.891,489.796,30.5,32,25.9
Oats,1902,31.358,672.698,25.9,30.5,34.3
Oats,1903,32.187,714.992,34.3,25.9,27.5
Oats,1904,32.749,755.344,27.5,34.3,30.9
Oats,1905,33.426,731.277,30.9,27.5,33
Oats,1906,33.688,729.919,33,30.9,30.4
Oats,1907,34.439,683.179,30.4,33,23.3
Oats,1908,34.31,867.997,23.3,30.4,24.2
Oats,1909,35.062,801.35,24.2,23.3,28.9
Oats,1910,36.844,923.224,28.9,24.2,30
Oats,1911,37.149,622.711,30,28.9,23.8
Oats,1912,37.244,754.354,23.8,30,36.3
Oats,1913,37.245,710.797,36.3,23.8,27.9
Oats,1914,37.213,780.944,27.9,36.3,28.7
Oats,1915,38.802,731.27,28.7,27.9,37
Oats,1916,39.098,807.422,37,28.7,29.1
Oats,1917,41.604,579.343,29.1,37,34.7
Oats,1918,42.464,875.835,34.7,29.1,33.6
Oats,1919,39.601,835.083,33.6,34.7,27.9
Oats,1920,42.732,487.521,27.9,33.6,33.8
Oats,1921,45.539,866.241,33.8,27.9,23
Oats,1922,40.324,1120.271,23,33.8,28.5
Oats,1923,40.245,938.869,28.5,23,30.5
Oats,1924,41.857,730.809,30.5,28.5,33.8
Oats,1925,44.24,576.686,33.8,30.5,31.8
Oats,1926,42.854,615.42,31.8,33.8,26.9
Oats,1927,40.35,573.303,26.9,31.8,27.1
Oats,1928,40.128,584.86,27.1,26.9,32.7
Oats,1929,38.153,875.022,32.7,27.1,29.2
Oats,1930,39.847,534.172,29.2,32.7,32
Oats,1931,40.193,645.741,32,29.2,28
Oats,1932,41.7,458.648,28,32,30.1
Oats,1933,36.528,795.274,30.1,28,20.2
Oats,1934,29.455,633.545,20.2,30.1,18.5
Oats,1935,40.109,519.933,18.5,20.2,30.2
Oats,1936,33.654,595.166,30.2,18.5,23.6
Oats,1937,35.542,470.526,23.6,30.2,33.1
Oats,1938,36.042,514.04,33.1,23.6,30.2
Oats,1939,33.46,360.713,30.2,33.1,28.6
Oats,1940,35.431,411.219,28.6,30.2,35.2
Oats,1941,38.161,453.606,35.2,28.6,31
Oats,1942,38.197,392.739,31,35.2,35.2
Oats,1943,38.914,276.824,35.2,31,29.3
Oats,1944,39.741,497.445,29.3,35.2,28.9
Oats,1945,41.739,475.855,28.9,29.3,36.5
Oats,1946,42.812,381.605,36.5,28.9,34.5
Oats,1947,37.855,345.464,34.5,36.5,31.1
Oats,1948,39.28,212.993,31.1,34.5,36.9
Oats,1949,37.794,247.742,36.9,31.1,32.3
Oats,1950,39.306,392.331,32.3,36.9,34.8
Oats,1951,35.233,432.575,34.8,32.3,36.3
Oats,1952,37.012,596.751,36.3,34.8,32.9
Oats,1953,37.536,480.261,32.9,36.3,30.7
Oats,1954,40.551,361.871,30.7,32.9,34.8
Oats,1955,39.027,364.986,34.8,30.7,38.3
Oats,1956,33.333,351.58,38.3,34.8,34.5
Oats,1957,34.065,1289.88,34.5,38.3,37.9
Oats,1958,31.247,1401.41,37.9,34.5,44.8
Oats,1959,27.758,1050.051,44.8,37.9,37.8
Oats,1960,26.588,1153.332,37.8,44.8,43.4
Oats,1961,23.886,1010.314,43.4,37.8,42.3
Oats,1962,22.377,1012.197,42.3,43.4,45.2
Oats,1963,21.308,965.51,45.2,42.3,45.3
Oats,1964,19.759,852.257,45.3,45.2,43.1
Oats,1965,18.522,929.554,43.1,45.3,50.2
Oats,1966,17.877,803.324,50.2,43.1,44.9
Oats,1967,16.11,793.8,44.9,50.2,49.3
Oats,1968,17.708,950.689,49.3,44.9,53.7
Oats,1969,17.971,965.863,53.7,49.3,53.7
Oats,1970,18.594,915.236,53.7,53.7,49.2
Oats,1971,15.705,878.079,49.2,53.7,55.9
Oats,1972,13.41,690.616,55.9,49.2,51.5
Oats,1973,13.77,659.136,51.5,55.9,47.9
Oats,1974,12.608,600.655,47.9,51.5,47.6
Oats,1975,13.038,638.96,47.6,47.9,49
Oats,1976,11.834,540.441,49,47.6,45.7
Oats,1977,13.485,752.774,45.7,49,55.8
Oats,1978,11.126,581.657,55.8,45.7,52.3
Oats,1979,9.682,526.748,52.3,55.8,54.4
Oats,1980,8.657,458.792,54.4,52.3,53
Oats,1981,9.407,509.529,53,54.4,54.2
Oats,1982,10.258,592.63,54.2,53,57.8
Oats,1983,9.062,476.471,57.8,54.2,52.6
Oats,1984,8.163,473.661,52.6,57.8,58
Oats,1985,8.147,518.49,58,52.6,63.6
Oats,1986,6.84,384.996,63.6,58,56.3
Oats,1987,6.888,373.713,56.3,63.6,54.3
Oats,1988,5.53,217.375,54.3,56.3,39.3
Oats,1989,6.882,373.587,39.3,54.3,54.3
Oats,1990,5.947,357.654,54.3,39.3,60.1
Oats,1991,4.816,243.851,60.1,54.3,50.6
Oats,1992,4.496,294.229,50.6,60.1,65.4
Oats,1993,3.803,206.731,65.4,50.6,54.4
Oats,1994,4.008,228.844,54.4,65.4,57.1
Oats,1995,2.952,161.094,57.1,54.4,54.6
Oats,1996,2.655,153.245,54.6,57.1,57.7
Oats,1997,2.813,167.246,57.7,54.6,59.5
Oats,1998,2.752,165.768,59.5,57.7,60.2
Oats,1999,2.445,145.628,60.2,59.5,59.6
Oats,2000,2.325,149.165,59.6,60.2,64.2
Oats,2001,1.911,117.602,64.2,59.6,61.5
Oats,2002,2.058,116.002,61.5,64.2,56.4
Oats,2003,2.22,144.383,56.4,61.5,65
Oats,2004,1.787,115.695,65,56.4,64.7
Oats,2005,1.823,114.859,64.7,65,63
Oats,2006,1.564,93.522,63,64.7,59.8
Oats,2007,1.504,90.43,59.8,63,60.1
Oats,2008,1.414,90.051,60.1,59.8,63.7
Oats,2009,1.34,91.043,63.7,60.1,67.9
Oats,2010,1.267,81.856,67.9,63.7,64.6
Oats,2011,0.875,50.126,64.6,67.9,57.3
Oats,2012,1.005,61.486,57.3,64.6,61.2
Oats,2013,1.009,64.642,61.2,57.3,64.1
Oats,2014,1.035,70.232,64.1,61.2,67.9
Oats,2015,1.275,89.455,67.9,64.1,70.2
Oats,2016,0.979,64.628,70.2,67.9,66
Oats,2017,0.804,49.585,66,70.2,61.7
Oats,2018,0.865,56.13,61.7,66,64.8902
Oats,2019,0.909,60.385,64.8902,61.7,66.4301
Sorghum,1929,3.523,49.967,13,12,14.2
Sorghum,1930,3.477,37.561,14.2,13,10.8
Sorghum,1931,4.443,71.914,10.8,14.2,16.2
Sorghum,1932,4.4,66.097,16.2,10.8,15
Sorghum,1933,4.354,54.386,15,16.2,12.5
Sorghum,1934,2.396,19.209,12.5,15,8
Sorghum,1935,4.597,57.61,8,12.5,12.5
Sorghum,1936,2.793,30.27,12.5,8,10.8
Sorghum,1937,4.915,69.948,10.8,12.5,14.2
Sorghum,1938,4.699,67.21,14.2,10.8,14.3
Sorghum,1939,4.76,53.28,14.3,14.2,11.2
Sorghum,1940,6.374,85.824,11.2,14.3,13.5
Sorghum,1941,6.015,113.543,13.5,11.2,18.9
Sorghum,1942,5.991,109.653,18.9,13.5,18.3
Sorghum,1943,6.889,109.536,18.3,18.9,15.9
Sorghum,1944,9.386,184.978,15.9,18.3,19.7
Sorghum,1945,6.324,96.063,19.7,15.9,15.2
Sorghum,1946,6.669,106.025,15.2,19.7,15.9
Sorghum,1947,5.48,93.217,15.9,15.2,17
Sorghum,1948,7.317,131.384,17,15.9,18
Sorghum,1949,6.602,148.494,18,17,22.5
Sorghum,1950,10.346,233.536,22.5,18,22.6
Sorghum,1951,8.544,162.863,22.6,22.5,19.1
Sorghum,1952,5.326,90.741,19.1,22.6,17
Sorghum,1953,6.295,115.719,17,19.1,18.4
Sorghum,1954,11.718,235.575,18.4,17,20.1
Sorghum,1955,12.891,242.638,20.1,18.4,18.8
Sorghum,1956,9.209,204.881,18.8,20.1,22.2
Sorghum,1957,19.682,567.506,22.2,18.8,28.8
Sorghum,1958,16.524,581.012,28.8,22.2,35.2
Sorghum,1959,15.406,555.441,35.2,28.8,36.1
Sorghum,1960,15.601,619.954,36.1,35.2,39.7
Sorghum,1961,10.985,480.208,39.7,36.1,43.7
Sorghum,1962,11.571,510.284,43.7,39.7,44.1
Sorghum,1963,13.326,585.394,44.1,43.7,43.9
Sorghum,1964,11.742,489.796,43.9,44.1,41.7
Sorghum,1965,13.029,672.698,41.7,43.9,51.6
Sorghum,1966,12.813,714.992,51.6,41.7,55.8
Sorghum,1967,14.988,755.344,55.8,51.6,50.4
Sorghum,1968,13.89,731.277,50.4,55.8,52.6
Sorghum,1969,13.437,729.919,52.6,50.4,54.3
Sorghum,1970,13.568,683.179,54.3,52.6,50.4
Sorghum,1971,16.142,867.997,50.4,54.3,53.8
Sorghum,1972,13.212,801.35,53.8,50.4,60.7
Sorghum,1973,15.7,923.224,60.7,53.8,58.8
Sorghum,1974,13.809,622.711,58.8,60.7,45.1
Sorghum,1975,15.403,754.354,45.1,58.8,49
Sorghum,1976,14.466,710.797,49,45.1,49.1
Sorghum,1977,13.797,780.944,49.1,49,56.6
Sorghum,1978,13.41,731.27,56.6,49.1,54.5
Sorghum,1979,12.901,807.422,54.5,56.6,62.6
Sorghum,1980,12.513,579.343,62.6,54.5,46.3
Sorghum,1981,13.677,875.835,46.3,62.6,64
Sorghum,1982,14.137,835.083,64,46.3,59.1
Sorghum,1983,10.001,487.521,59.1,64,48.7
Sorghum,1984,15.355,866.241,48.7,59.1,56.4
Sorghum,1985,16.782,1120.271,56.4,48.7,66.8
Sorghum,1986,13.862,938.869,66.8,56.4,67.7
Sorghum,1987,10.531,730.809,67.7,66.8,69.4
Sorghum,1988,9.042,576.686,69.4,67.7,63.8
Sorghum,1989,11.103,615.42,63.8,69.4,55.4
Sorghum,1990,9.089,573.303,55.4,63.8,63.1
Sorghum,1991,9.87,584.86,63.1,55.4,59.3
Sorghum,1992,12.05,875.022,59.3,63.1,72.6
Sorghum,1993,8.916,534.172,72.6,59.3,59.9
Sorghum,1994,8.882,645.741,59.9,72.6,72.7
Sorghum,1995,8.253,458.648,72.7,59.9,55.6
Sorghum,1996,11.811,795.274,55.6,72.7,67.3
Sorghum,1997,9.158,633.545,67.3,55.6,69.2
Sorghum,1998,7.723,519.933,69.2,67.3,67.3
Sorghum,1999,8.544,595.166,67.3,69.2,69.7
Sorghum,2000,7.726,470.526,69.7,67.3,60.9
Sorghum,2001,8.579,514.04,60.9,69.7,59.9
Sorghum,2002,7.125,360.713,59.9,60.9,50.6
Sorghum,2003,7.798,411.219,50.6,59.9,52.7
Sorghum,2004,6.517,453.606,52.7,50.6,69.6
Sorghum,2005,5.736,392.739,69.6,52.7,68.5
Sorghum,2006,4.937,276.824,68.5,69.6,56.1
Sorghum,2007,6.792,497.445,56.1,68.5,73.2
Sorghum,2008,7.312,475.855,73.2,56.1,65.1
Sorghum,2009,5.502,381.605,65.1,73.2,69.4
Sorghum,2010,4.806,345.464,69.4,65.1,71.9
Sorghum,2011,3.945,212.993,71.9,69.4,54
Sorghum,2012,4.995,247.742,54,71.9,49.6
Sorghum,2013,6.585,392.331,49.6,54,59.6
Sorghum,2014,6.401,432.575,59.6,49.6,67.6
Sorghum,2015,7.851,596.751,67.6,59.6,76
Sorghum,2016,6.163,480.261,76,67.6,77.9
Sorghum,2017,5.044,361.871,77.9,76,71.7
Sorghum,2018,5.061,364.986,71.7,77.9,72.1174
Sorghum,2019,4.735,351.58,72.1174,71.7,74.2513